hashtag,topic
#business,business
#entrepreneur,business
#motivation,business
#success,business
#marketing,business
#money,business
#love,business
#smallbusiness,business
#entrepreneurship,business
#businessowner,business
#mindset,business
#inspiration,business
#instagram,business
#instagood,business
#lifestyle,business
#goals,business
#startup,business
#digitalmarketing,business
#life,business
#branding,business
#design,business
#investment,business
#follow,business
#motivationalquotes,business
#finance,business
#work,business
#fashion,business
#quotes,business
#entertainment,entertainment
#music,entertainment
#love,entertainment
#fun,entertainment
#comedy,entertainment
#instagram,entertainment
#instagood,entertainment
#hiphop,entertainment
#fashion,entertainment
#trending,entertainment
#dance,entertainment
#art,entertainment
#party,entertainment
#news,entertainment
#memes,entertainment
#follow,entertainment
#funny,entertainment
#artist,entertainment
#media,entertainment
#viral,entertainment
#photography,entertainment
#events,entertainment
#movies,entertainment
#explorepage,entertainment
#actor,entertainment
#like,entertainment
#hollywood,entertainment
#explore,entertainment
#bollywood,entertainment
#sports,sports
#football,sports
#sport,sports
#fitness,sports
#nfl,sports
#basketball,sports
#nba,sports
#soccer,sports
#gym,sports
#training,sports
#workout,sports
#baseball,sports
#motivation,sports
#athlete,sports
#mlb,sports
#love,sports
#follow,sports
#instagood,sports
#instagram,sports
#fashion,sports
#fit,sports
#like,sports
#photography,sports
#nike,sports
#espn,sports
#fitnessmotivation,sports
#running,sports
#life,sports
#outdoors,outdoors
#nature,outdoors
#adventure,outdoors
#photography,outdoors
#hiking,outdoors
#travel,outdoors
#naturephotography,outdoors
#explore,outdoors
#landscape,outdoors
#mountains,outdoors
#fishing,outdoors
#camping,outdoors
#photooftheday,outdoors
#naturelovers,outdoors
#outdoor,outdoors
#instagood,outdoors
#hunting,outdoors
#love,outdoors
#summer,outdoors
#wanderlust,outdoors
#wildlife,outdoors
#getoutside,outdoors
#landscapephotography,outdoors
#beautiful,outdoors
#outside,outdoors
#travelphotography,outdoors
#ig,outdoors
#forest,outdoors
#outdoorphotography,outdoors
#food,food
#foodporn,food
#foodie,food
#instafood,food
#foodphotography,food
#foodstagram,food
#yummy,food
#foodblogger,food
#foodlover,food
#instagood,food
#love,food
#delicious,food
#follow,food
#like,food
#healthyfood,food
#homemade,food
#dinner,food
#foodgasm,food
#tasty,food
#photooftheday,food
#cooking,food
#foodies,food
#restaurant,food
#lunch,food
#picoftheday,food
#instagram,food
#foodpics,food
#healthy,food